Subject,Lesson,FileName,RelativePath
Numbers and Algebra,Indices and Logarithms,Antilogarithms,Numbers and Algebra/Indices and Logarithms/With Devices PDFs/Antilogarithms.pdf
Numbers and Algebra,Indices and Logarithms,Applications of Indices in Real-Life situations,Numbers and Algebra/Indices and Logarithms/With Devices PDFs/Applications of Indices in Real-Life situations.pdf
Numbers and Algebra,Indices and Logarithms,Determining Common Logarithms Using Mathematical Tables and Calculators,Numbers and Algebra/Indices and Logarithms/With Devices PDFs/Determining Common Logarithms Using Mathematical Tables and Calculators.pdf
Numbers and Algebra,Indices and Logarithms,Exploring Logarithms in Real-Life Applications,Numbers and Algebra/Indices and Logarithms/With Devices PDFs/Exploring Logarithms in Real-Life Applications.pdf
Numbers and Algebra,Indices and Logarithms,Expressing Numbers in Index Form,Numbers and Algebra/Indices and Logarithms/With Devices PDFs/Expressing Numbers in Index Form.pdf
Numbers and Algebra,Indices and Logarithms,Laws of Indices,Numbers and Algebra/Indices and Logarithms/With Devices PDFs/Laws of Indices.pdf
Numbers and Algebra,Indices and Logarithms,Logarithms notation,Numbers and Algebra/Indices and Logarithms/With Devices PDFs/Logarithms notation.pdf
Numbers and Algebra,Indices and Logarithms,Multiplying and Dividing Logarithms,Numbers and Algebra/Indices and Logarithms/With Devices PDFs/Multiplying and Dividing Logarithms.pdf
Numbers and Algebra,Indices and Logarithms,Using Logarithms with Standard Form,Numbers and Algebra/Indices and Logarithms/With Devices PDFs/Using Logarithms with Standard Form.pdf
Numbers and Algebra,Indices and Logarithms,Zero and Negative Indices,Numbers and Algebra/Indices and Logarithms/With Devices PDFs/Zero and Negative Indices.pdf
Numbers and Algebra,Quadratics Expressions and Equations 1,Application Of Quadratic Equations To Real Life Situations,Numbers and Algebra/Quadratics Expressions and Equations 1/With Devices PDFs/Application Of Quadratic Equations To Real Life Situations.pdf
Numbers and Algebra,Quadratics Expressions and Equations 1,Factoring Quadratic,Numbers and Algebra/Quadratics Expressions and Equations 1/With Devices PDFs/Factoring Quadratic.pdf
Numbers and Algebra,Quadratics Expressions and Equations 1,Factorisation Of Quadratic Expressions,Numbers and Algebra/Quadratics Expressions and Equations 1/With Devices PDFs/Factorisation Of Quadratic Expressions.pdf
Numbers and Algebra,Quadratics Expressions and Equations 1,Finding reciprocals of real numbers using division,Numbers and Algebra/Quadratics Expressions and Equations 1/With Devices PDFs/Finding reciprocals of real numbers using division.pdf
Numbers and Algebra,Quadratics Expressions and Equations 1,Formation of Quadratic Equations by Factorisations,Numbers and Algebra/Quadratics Expressions and Equations 1/With Devices PDFs/Formation of Quadratic Equations by Factorisations.pdf
Numbers and Algebra,Quadratics Expressions and Equations 1,Multiplying Two Binomials,Numbers and Algebra/Quadratics Expressions and Equations 1/With Devices PDFs/Multiplying Two Binomials.pdf
Numbers and Algebra,Quadratics Expressions and Equations 1,Perfect Squares,Numbers and Algebra/Quadratics Expressions and Equations 1/With Devices PDFs/Perfect Squares.pdf
Numbers and Algebra,Quadratics Expressions and Equations 1,Quadratic Expressions,Numbers and Algebra/Quadratics Expressions and Equations 1/With Devices PDFs/Quadratic Expressions.pdf
Numbers and Algebra,Quadratics Expressions and Equations 1,Quadratic Identities,Numbers and Algebra/Quadratics Expressions and Equations 1/With Devices PDFs/Quadratic Identities.pdf
Numbers and Algebra,Real Numbers,Classifying real numbers as rational and irrational in different situations,Numbers and Algebra/Real Numbers/With Devices pdf/Classifying real numbers as rational and irrational in different situations.pdf
Numbers and Algebra,Real Numbers,"Classifying whole numbers as odd, even in different situations","Numbers and Algebra/Real Numbers/With Devices pdf/Classifying whole numbers as odd, even in different situations.pdf"
Numbers and Algebra,Real Numbers,Classifying whole numbers as prime and composite in different situations,Numbers and Algebra/Real Numbers/With Devices pdf/Classifying whole numbers as prime and composite in different situations.pdf
Numbers and Algebra,Real Numbers,Finding reciprocals of real numbers using division,Numbers and Algebra/Real Numbers/With Devices pdf/Finding reciprocals of real numbers using division.pdf
Numbers and Algebra,Real Numbers,Finding reciprocals of real numbers using mathematical calculators,Numbers and Algebra/Real Numbers/With Devices pdf/Finding reciprocals of real numbers using mathematical calculators.pdf
Numbers and Algebra,Real Numbers,Finding reciprocals of real numbers using mathematical tables and calculators,Numbers and Algebra/Real Numbers/With Devices pdf/Finding reciprocals of real numbers using mathematical tables and calculators.pdf
Numbers and Algebra,Real Numbers,Using reciprocals of real numbers in mathematical computations,Numbers and Algebra/Real Numbers/With Devices pdf/Using reciprocals of real numbers in mathematical computations.pdf
